stringId_A,stringId_B,preferredName_A,preferredName_B,ncbiTaxonId,score,nscore,fscore,pscore,ascore,escore,dscore,tscore
9606.ENSP00000178638,9606.ENSP00000405330,CA12,ESR1,9606,0.403,0.0,0.0,0.0,0.067,0.041,0.0,0.387
9606.ENSP00000178638,9606.ENSP00000345659,CA12,CA7,9606,0.405,0.0,0.0,0.116,0.0,0.0,0.0,0.355
9606.ENSP00000178638,9606.ENSP00000223095,CA12,SERPINE1,9606,0.406,0.0,0.0,0.0,0.086,0.0,0.0,0.377
9606.ENSP00000178638,9606.ENSP00000437955,CA12,HIF1A,9606,0.487,0.0,0.0,0.0,0.062,0.0,0.0,0.476
9606.ENSP00000178638,9606.ENSP00000430656,CA12,CA1,9606,0.488,0.0,0.0,0.118,0.0,0.0,0.0,0.444
9606.ENSP00000178638,9606.ENSP00000300900,CA12,CA4,9606,0.64,0.0,0.0,0.156,0.0,0.0,0.5,0.215
9606.ENSP00000178638,9606.ENSP00000367608,CA12,CA9,9606,0.739,0.0,0.0,0.124,0.084,0.0,0.5,0.426
9606.ENSP00000219070,9606.ENSP00000343925,MMP2,ESR2,9606,0.4,0.0,0.0,0.0,0.0,0.0,0.0,0.4
9606.ENSP00000219070,9606.ENSP00000354394,MMP2,STAT1,9606,0.412,0.0,0.0,0.0,0.085,0.0,0.0,0.384
9606.ENSP00000219070,9606.ENSP00000301178,MMP2,AXL,9606,0.416,0.0,0.0,0.0,0.17,0.0,0.0,0.325
9606.ENSP00000219070,9606.ENSP00000478255,MMP2,ABCB1,9606,0.42,0.0,0.0,0.0,0.111,0.0,0.0,0.374
9606.ENSP00000219070,9606.ENSP00000451040,MMP2,PGF,9606,0.459,0.0,0.0,0.0,0.063,0.0,0.0,0.447
9606.ENSP00000219070,9606.ENSP00000266970,MMP2,CDK2,9606,0.479,0.0,0.0,0.0,0.0,0.0,0.0,0.479
9606.ENSP00000219070,9606.ENSP00000260302,MMP2,MMP13,9606,0.49,0.0,0.0,0.0,0.084,0.0,0.4,0.146
9606.ENSP00000219070,9606.ENSP00000458585,MMP2,MMP12,9606,0.492,0.0,0.0,0.0,0.08,0.0,0.4,0.154
9606.ENSP00000219070,9606.ENSP00000354558,MMP2,MTOR,9606,0.512,0.0,0.0,0.0,0.0,0.0,0.0,0.512
9606.ENSP00000219070,9606.ENSP00000284987,MMP2,ADAMTS5,9606,0.52,0.0,0.0,0.0,0.141,0.045,0.0,0.461
9606.ENSP00000219070,9606.ENSP00000356975,MMP2,ADAMTS4,9606,0.544,0.0,0.0,0.0,0.072,0.053,0.0,0.523
9606.ENSP00000219070,9606.ENSP00000318585,MMP2,BACE1,9606,0.551,0.0,0.0,0.0,0.075,0.4,0.0,0.256
9606.ENSP00000219070,9606.ENSP00000324806,MMP2,GSK3B,9606,0.571,0.0,0.0,0.0,0.0,0.0,0.0,0.571
9606.ENSP00000219070,9606.ENSP00000405330,MMP2,ESR1,9606,0.58,0.0,0.0,0.0,0.042,0.0,0.0,0.579
9606.ENSP00000219070,9606.ENSP00000284981,MMP2,APP,9606,0.592,0.0,0.0,0.0,0.127,0.318,0.0,0.37
9606.ENSP00000219070,9606.ENSP00000393312,MMP2,FGFR1,9606,0.616,0.0,0.0,0.0,0.112,0.0,0.0,0.585
9606.ENSP00000219070,9606.ENSP00000263923,MMP2,KDR,9606,0.628,0.0,0.0,0.0,0.086,0.0,0.0,0.61
9606.ENSP00000219070,9606.ENSP00000363512,MMP2,ALOX5,9606,0.653,0.0,0.0,0.0,0.057,0.045,0.0,0.645
9606.ENSP00000219070,9606.ENSP00000317272,MMP2,MET,9606,0.703,0.0,0.0,0.0,0.069,0.0,0.0,0.694
9606.ENSP00000219070,9606.ENSP00000381185,MMP2,BCL2,9606,0.716,0.0,0.0,0.0,0.0,0.0,0.0,0.716
9606.ENSP00000219070,9606.ENSP00000437955,MMP2,HIF1A,9606,0.731,0.0,0.0,0.0,0.104,0.0,0.0,0.712
9606.ENSP00000219070,9606.ENSP00000223095,MMP2,SERPINE1,9606,0.755,0.0,0.0,0.0,0.181,0.0,0.0,0.714
9606.ENSP00000219070,9606.ENSP00000361405,MMP2,MMP9,9606,0.918,0.0,0.0,0.061,0.128,0.0,0.9,0.116
9606.ENSP00000219070,9606.ENSP00000322788,MMP2,MMP1,9606,0.93,0.0,0.0,0.0,0.181,0.0,0.9,0.215
9606.ENSP00000219070,9606.ENSP00000352798,MMP2,COL18A1,9606,0.96,0.0,0.0,0.0,0.115,0.503,0.75,0.687
9606.ENSP00000219070,9606.ENSP00000362680,MMP2,SRC,9606,0.972,0.0,0.0,0.0,0.042,0.0,0.9,0.74
9606.ENSP00000219070,9606.ENSP00000308208,MMP2,MMP14,9606,0.997,0.0,0.0,0.084,0.381,0.0,0.9,0.961
9606.ENSP00000223095,9606.ENSP00000380044,SERPINE1,CSNK1E,9606,0.414,0.0,0.0,0.0,0.049,0.0,0.0,0.41
9606.ENSP00000223095,9606.ENSP00000458585,SERPINE1,MMP12,9606,0.437,0.0,0.0,0.0,0.099,0.0,0.0,0.401
9606.ENSP00000223095,9606.ENSP00000352798,SERPINE1,COL18A1,9606,0.438,0.0,0.0,0.0,0.074,0.0,0.0,0.418
9606.ENSP00000223095,9606.ENSP00000362680,SERPINE1,SRC,9606,0.446,0.0,0.0,0.0,0.0,0.0,0.0,0.446
9606.ENSP00000223095,9606.ENSP00000381185,SERPINE1,BCL2,9606,0.448,0.0,0.0,0.0,0.0,0.0,0.0,0.448
9606.ENSP00000223095,9606.ENSP00000353731,SERPINE1,DPP4,9606,0.451,0.0,0.0,0.0,0.042,0.0,0.0,0.45
9606.ENSP00000223095,9606.ENSP00000263923,SERPINE1,KDR,9606,0.453,0.0,0.0,0.0,0.049,0.0,0.0,0.448
9606.ENSP00000223095,9606.ENSP00000451040,SERPINE1,PGF,9606,0.461,0.0,0.0,0.0,0.067,0.0,0.0,0.447
9606.ENSP00000223095,9606.ENSP00000260302,SERPINE1,MMP13,9606,0.467,0.0,0.0,0.0,0.081,0.0,0.0,0.444
9606.ENSP00000223095,9606.ENSP00000405330,SERPINE1,ESR1,9606,0.473,0.0,0.0,0.0,0.0,0.045,0.0,0.471
9606.ENSP00000223095,9606.ENSP00000237014,SERPINE1,TTR,9606,0.504,0.0,0.0,0.0,0.072,0.053,0.0,0.481
9606.ENSP00000223095,9606.ENSP00000313581,SERPINE1,KLK2,9606,0.512,0.0,0.0,0.0,0.0,0.045,0.0,0.51
9606.ENSP00000223095,9606.ENSP00000308208,SERPINE1,MMP14,9606,0.525,0.0,0.0,0.0,0.199,0.0,0.0,0.432
9606.ENSP00000223095,9606.ENSP00000229795,SERPINE1,MAPK14,9606,0.527,0.0,0.0,0.0,0.0,0.0,0.0,0.527
9606.ENSP00000223095,9606.ENSP00000367608,SERPINE1,CA9,9606,0.58,0.0,0.0,0.0,0.104,0.0,0.0,0.551
9606.ENSP00000223095,9606.ENSP00000301178,SERPINE1,AXL,9606,0.609,0.0,0.0,0.0,0.211,0.0,0.0,0.524
9606.ENSP00000223095,9606.ENSP00000437955,SERPINE1,HIF1A,9606,0.624,0.0,0.0,0.0,0.084,0.0,0.0,0.606
9606.ENSP00000223095,9606.ENSP00000322788,SERPINE1,MMP1,9606,0.773,0.0,0.0,0.0,0.208,0.0,0.0,0.726
9606.ENSP00000223095,9606.ENSP00000361405,SERPINE1,MMP9,9606,0.801,0.0,0.0,0.0,0.077,0.0,0.0,0.793
9606.ENSP00000225929,9606.ENSP00000405330,HSD17B1,ESR1,9606,0.611,0.0,0.0,0.0,0.0,0.0,0.0,0.611
9606.ENSP00000225929,9606.ENSP00000343925,HSD17B1,ESR2,9606,0.613,0.0,0.0,0.0,0.0,0.0,0.0,0.613
9606.ENSP00000225929,9606.ENSP00000478561,HSD17B1,CYP1B1,9606,0.958,0.0,0.0,0.0,0.091,0.053,0.911,0.513
9606.ENSP00000225929,9606.ENSP00000379683,HSD17B1,CYP19A1,9606,0.984,0.0,0.0,0.0,0.106,0.0,0.911,0.821
9606.ENSP00000229795,9606.ENSP00000340820,MAPK14,MAPT,9606,0.444,0.0,0.0,0.0,0.0,0.301,0.0,0.237
9606.ENSP00000229795,9606.ENSP00000241453,MAPK14,FLT3,9606,0.452,0.0,0.0,0.0,0.06,0.0,0.0,0.441
9606.ENSP00000229795,9606.ENSP00000354612,MAPK14,PTGS1,9606,0.522,0.0,0.0,0.0,0.086,0.045,0.0,0.496
9606.ENSP00000229795,9606.ENSP00000361405,MAPK14,MMP9,9606,0.532,0.0,0.0,0.0,0.105,0.0,0.0,0.498
9606.ENSP00000229795,9606.ENSP00000266970,MAPK14,CDK2,9606,0.543,0.0,0.0,0.082,0.062,0.131,0.0,0.462
9606.ENSP00000229795,9606.ENSP00000318585,MAPK14,BACE1,9606,0.551,0.0,0.0,0.0,0.053,0.067,0.0,0.533
9606.ENSP00000229795,9606.ENSP00000263967,MAPK14,PIK3CA,9606,0.552,0.0,0.0,0.0,0.118,0.0,0.0,0.513
9606.ENSP00000229795,9606.ENSP00000354558,MAPK14,MTOR,9606,0.554,0.0,0.0,0.0,0.103,0.149,0.0,0.462
9606.ENSP00000229795,9606.ENSP00000263923,MAPK14,KDR,9606,0.62,0.0,0.0,0.0,0.063,0.0,0.5,0.254
9606.ENSP00000229795,9606.ENSP00000324806,MAPK14,GSK3B,9606,0.626,0.0,0.0,0.0,0.113,0.11,0.0,0.564
9606.ENSP00000229795,9606.ENSP00000368884,MAPK14,RPS6KA3,9606,0.655,0.0,0.0,0.0,0.085,0.326,0.0,0.486
9606.ENSP00000229795,9606.ENSP00000437955,MAPK14,HIF1A,9606,0.693,0.0,0.0,0.0,0.042,0.045,0.0,0.691
9606.ENSP00000229795,9606.ENSP00000381185,MAPK14,BCL2,9606,0.701,0.0,0.0,0.0,0.062,0.0,0.0,0.694
9606.ENSP00000229795,9606.ENSP00000346671,MAPK14,FYN,9606,0.749,0.0,0.0,0.0,0.0,0.11,0.5,0.482
9606.ENSP00000229795,9606.ENSP00000354394,MAPK14,STAT1,9606,0.783,0.0,0.0,0.0,0.1,0.0,0.0,0.768
9606.ENSP00000229795,9606.ENSP00000362680,MAPK14,SRC,9606,0.818,0.0,0.0,0.0,0.087,0.11,0.5,0.605
9606.ENSP00000229795,9606.ENSP00000343925,MAPK14,ESR2,9606,0.921,0.0,0.0,0.0,0.0,0.0,0.9,0.247
9606.ENSP00000229795,9606.ENSP00000405330,MAPK14,ESR1,9606,0.954,0.0,0.0,0.0,0.0,0.0,0.9,0.561
9606.ENSP00000229795,9606.ENSP00000449381,MAPK14,MAPKAPK5,9606,0.956,0.0,0.0,0.0,0.093,0.429,0.9,0.265
9606.ENSP00000237014,9606.ENSP00000368727,TTR,XDH,9606,0.407,0.12,0.0,0.0,0.067,0.0,0.0,0.336
9606.ENSP00000237014,9606.ENSP00000309572,TTR,TERT,9606,0.48,0.0,0.0,0.0,0.05,0.0,0.0,0.476
9606.ENSP00000237014,9606.ENSP00000500990,TTR,SNCA,9606,0.753,0.0,0.0,0.0,0.064,0.0,0.4,0.597
9606.ENSP00000237014,9606.ENSP00000284981,TTR,APP,9606,0.982,0.0,0.0,0.0,0.0,0.712,0.4,0.907
9606.ENSP00000241356,9606.ENSP00000362680,ADORA3,SRC,9606,0.555,0.0,0.0,0.0,0.0,0.0,0.5,0.147
9606.ENSP00000241453,9606.ENSP00000354394,FLT3,STAT1,9606,0.403,0.0,0.0,0.0,0.054,0.079,0.0,0.369
9606.ENSP00000241453,9606.ENSP00000437955,FLT3,HIF1A,9606,0.447,0.0,0.0,0.0,0.059,0.0,0.0,0.436
9606.ENSP00000241453,9606.ENSP00000354558,FLT3,MTOR,9606,0.479,0.0,0.0,0.0,0.0,0.0,0.0,0.479
9606.ENSP00000241453,9606.ENSP00000317272,FLT3,MET,9606,0.506,0.0,0.0,0.0,0.0,0.092,0.0,0.478
9606.ENSP00000241453,9606.ENSP00000351602,FLT3,FUT4,9606,0.522,0.0,0.0,0.0,0.119,0.0,0.0,0.48
9606.ENSP00000241453,9606.ENSP00000361405,FLT3,MMP9,9606,0.563,0.0,0.0,0.0,0.083,0.0,0.0,0.542
9606.ENSP00000241453,9606.ENSP00000346671,FLT3,FYN,9606,0.57,0.0,0.0,0.0,0.05,0.23,0.4,0.135
9606.ENSP00000241453,9606.ENSP00000381185,FLT3,BCL2,9606,0.607,0.0,0.0,0.0,0.067,0.0,0.0,0.597
9606.ENSP00000241453,9606.ENSP00000362680,FLT3,SRC,9606,0.649,0.0,0.0,0.0,0.05,0.328,0.0,0.494
9606.ENSP00000241453,9606.ENSP00000451040,FLT3,PGF,9606,0.745,0.0,0.0,0.0,0.0,0.0,0.65,0.304
9606.ENSP00000241453,9606.ENSP00000263967,FLT3,PIK3CA,9606,0.958,0.0,0.0,0.0,0.0,0.098,0.9,0.572
9606.ENSP00000260302,9606.ENSP00000381185,MMP13,BCL2,9606,0.494,0.0,0.0,0.0,0.0,0.0,0.0,0.494
9606.ENSP00000260302,9606.ENSP00000353731,MMP13,DPP4,9606,0.516,0.0,0.0,0.0,0.067,0.0,0.0,0.502
9606.ENSP00000260302,9606.ENSP00000437955,MMP13,HIF1A,9606,0.517,0.0,0.0,0.0,0.076,0.0,0.0,0.498
9606.ENSP00000260302,9606.ENSP00000301691,MMP13,SOST,9606,0.523,0.0,0.0,0.0,0.061,0.0,0.0,0.513
9606.ENSP00000260302,9606.ENSP00000458585,MMP13,MMP12,9606,0.539,0.0,0.0,0.077,0.165,0.0,0.4,0.121
9606.ENSP00000260302,9606.ENSP00000354394,MMP13,STAT1,9606,0.554,0.0,0.0,0.0,0.057,0.0,0.0,0.546
9606.ENSP00000260302,9606.ENSP00000361405,MMP13,MMP9,9606,0.589,0.0,0.0,0.0,0.134,0.0,0.4,0.272
9606.ENSP00000260302,9606.ENSP00000322788,MMP13,MMP1,9606,0.674,0.0,0.0,0.07,0.28,0.0,0.5,0.14
9606.ENSP00000260302,9606.ENSP00000352798,MMP13,COL18A1,9606,0.81,0.0,0.0,0.0,0.044,0.0,0.75,0.269
9606.ENSP00000260302,9606.ENSP00000308208,MMP13,MMP14,9606,0.828,0.0,0.0,0.106,0.188,0.0,0.75,0.166
9606.ENSP00000260302,9606.ENSP00000284987,MMP13,ADAMTS5,9606,0.899,0.0,0.0,0.0,0.059,0.045,0.0,0.897
9606.ENSP00000260302,9606.ENSP00000356975,MMP13,ADAMTS4,9606,0.902,0.0,0.0,0.0,0.052,0.053,0.0,0.9
9606.ENSP00000262186,9606.ENSP00000478255,KCNH2,ABCB1,9606,0.41,0.0,0.0,0.0,0.121,0.065,0.0,0.339
9606.ENSP00000262186,9606.ENSP00000362680,KCNH2,SRC,9606,0.56,0.0,0.0,0.0,0.0,0.057,0.0,0.553
9606.ENSP00000263321,9606.ENSP00000266970,TYR,CDK2,9606,0.423,0.0,0.0,0.0,0.149,0.092,0.0,0.312
9606.ENSP00000263321,9606.ENSP00000309572,TYR,TERT,9606,0.447,0.0,0.0,0.0,0.073,0.045,0.0,0.425
9606.ENSP00000263321,9606.ENSP00000478561,TYR,CYP1B1,9606,0.515,0.0,0.0,0.0,0.0,0.051,0.0,0.51
9606.ENSP00000263321,9606.ENSP00000353731,TYR,DPP4,9606,0.523,0.0,0.0,0.0,0.087,0.073,0.0,0.482
9606.ENSP00000263321,9606.ENSP00000361405,TYR,MMP9,9606,0.538,0.0,0.0,0.0,0.055,0.0,0.0,0.532
9606.ENSP00000263321,9606.ENSP00000303211,TYR,ACHE,9606,0.55,0.0,0.0,0.0,0.053,0.057,0.0,0.537
9606.ENSP00000263321,9606.ENSP00000317272,TYR,MET,9606,0.559,0.0,0.0,0.0,0.072,0.099,0.0,0.516
9606.ENSP00000263321,9606.ENSP00000301178,TYR,AXL,9606,0.564,0.0,0.0,0.0,0.068,0.098,0.0,0.524
9606.ENSP00000263321,9606.ENSP00000288135,TYR,KIT,9606,0.633,0.0,0.0,0.0,0.077,0.0,0.0,0.618
9606.ENSP00000263923,9606.ENSP00000351602,KDR,FUT4,9606,0.427,0.0,0.0,0.0,0.055,0.0,0.0,0.418
9606.ENSP00000263923,9606.ENSP00000288135,KDR,KIT,9606,0.429,0.0,0.0,0.134,0.118,0.089,0.0,0.276
9606.ENSP00000263923,9606.ENSP00000322788,KDR,MMP1,9606,0.431,0.0,0.0,0.0,0.049,0.0,0.0,0.426
9606.ENSP00000263923,9606.ENSP00000266970,KDR,CDK2,9606,0.432,0.0,0.0,0.0,0.051,0.0,0.0,0.426
9606.ENSP00000263923,9606.ENSP00000308208,KDR,MMP14,9606,0.453,0.0,0.0,0.0,0.072,0.0,0.0,0.434
9606.ENSP00000263923,9606.ENSP00000478255,KDR,ABCB1,9606,0.46,0.0,0.0,0.0,0.054,0.0,0.0,0.452
9606.ENSP00000263923,9606.ENSP00000309572,KDR,TERT,9606,0.475,0.0,0.0,0.0,0.0,0.0,0.0,0.475
9606.ENSP00000263923,9606.ENSP00000284981,KDR,APP,9606,0.484,0.0,0.0,0.0,0.112,0.301,0.0,0.235
9606.ENSP00000263923,9606.ENSP00000367608,KDR,CA9,9606,0.508,0.0,0.0,0.0,0.077,0.0,0.0,0.488
9606.ENSP00000263923,9606.ENSP00000498246,KDR,ABCG2,9606,0.511,0.0,0.0,0.0,0.094,0.057,0.0,0.474
9606.ENSP00000263923,9606.ENSP00000300900,KDR,CA4,9606,0.556,0.0,0.0,0.0,0.107,0.0,0.0,0.522
9606.ENSP00000263923,9606.ENSP00000343925,KDR,ESR2,9606,0.573,0.0,0.0,0.0,0.0,0.045,0.0,0.571
9606.ENSP00000263923,9606.ENSP00000354558,KDR,MTOR,9606,0.583,0.0,0.0,0.0,0.0,0.0,0.0,0.583
9606.ENSP00000263923,9606.ENSP00000381185,KDR,BCL2,9606,0.609,0.0,0.0,0.0,0.044,0.0,0.0,0.608
9606.ENSP00000263923,9606.ENSP00000301178,KDR,AXL,9606,0.641,0.0,0.0,0.0,0.05,0.091,0.5,0.267
9606.ENSP00000263923,9606.ENSP00000393312,KDR,FGFR1,9606,0.681,0.0,0.0,0.0,0.068,0.091,0.0,0.654
9606.ENSP00000263923,9606.ENSP00000405330,KDR,ESR1,9606,0.688,0.0,0.0,0.0,0.0,0.045,0.0,0.687
9606.ENSP00000263923,9606.ENSP00000437955,KDR,HIF1A,9606,0.785,0.0,0.0,0.0,0.069,0.0,0.0,0.778
9606.ENSP00000263923,9606.ENSP00000346671,KDR,FYN,9606,0.807,0.0,0.0,0.0,0.06,0.328,0.5,0.462
9606.ENSP00000263923,9606.ENSP00000361405,KDR,MMP9,9606,0.811,0.0,0.0,0.0,0.057,0.0,0.0,0.807
9606.ENSP00000263923,9606.ENSP00000317272,KDR,MET,9606,0.851,0.0,0.0,0.0,0.0,0.345,0.0,0.782
9606.ENSP00000263923,9606.ENSP00000352798,KDR,COL18A1,9606,0.96,0.0,0.0,0.0,0.08,0.292,0.0,0.944
9606.ENSP00000263923,9606.ENSP00000263967,KDR,PIK3CA,9606,0.975,0.0,0.0,0.0,0.0,0.098,0.9,0.754
9606.ENSP00000263923,9606.ENSP00000362680,KDR,SRC,9606,0.998,0.0,0.0,0.0,0.059,0.796,0.9,0.938
9606.ENSP00000263923,9606.ENSP00000451040,KDR,PGF,9606,0.999,0.0,0.0,0.0,0.067,0.0,0.65,0.998
9606.ENSP00000263967,9606.ENSP00000300093,PIK3CA,PLK1,9606,0.425,0.0,0.0,0.0,0.056,0.0,0.0,0.416
9606.ENSP00000263967,9606.ENSP00000368884,PIK3CA,RPS6KA3,9606,0.444,0.0,0.0,0.0,0.12,0.0,0.0,0.394
9606.ENSP00000263967,9606.ENSP00000266970,PIK3CA,CDK2,9606,0.448,0.0,0.0,0.0,0.0,0.0,0.0,0.448
9606.ENSP00000263967,9606.ENSP00000379683,PIK3CA,CYP19A1,9606,0.517,0.0,0.0,0.0,0.0,0.0,0.0,0.517
9606.ENSP00000263967,9606.ENSP00000437955,PIK3CA,HIF1A,9606,0.547,0.0,0.0,0.0,0.083,0.0,0.0,0.526
9606.ENSP00000263967,9606.ENSP00000343925,PIK3CA,ESR2,9606,0.575,0.0,0.0,0.0,0.0,0.0,0.4,0.322
9606.ENSP00000263967,9606.ENSP00000381185,PIK3CA,BCL2,9606,0.61,0.0,0.0,0.0,0.095,0.0,0.0,0.587
9606.ENSP00000263967,9606.ENSP00000365804,PIK3CA,HDAC6,9606,0.627,0.0,0.0,0.0,0.0,0.251,0.0,0.522
9606.ENSP00000263967,9606.ENSP00000324806,PIK3CA,GSK3B,9606,0.63,0.0,0.0,0.0,0.199,0.069,0.0,0.544
9606.ENSP00000263967,9606.ENSP00000309572,PIK3CA,TERT,9606,0.675,0.0,0.0,0.0,0.06,0.0,0.0,0.669
9606.ENSP00000263967,9606.ENSP00000347792,PIK3CA,SYNJ2,9606,0.691,0.0,0.0,0.0,0.073,0.0,0.65,0.124
9606.ENSP00000263967,9606.ENSP00000354394,PIK3CA,STAT1,9606,0.74,0.0,0.0,0.0,0.058,0.292,0.5,0.314
9606.ENSP00000263967,9606.ENSP00000301178,PIK3CA,AXL,9606,0.743,0.0,0.0,0.0,0.0,0.069,0.5,0.493
9606.ENSP00000263967,9606.ENSP00000405330,PIK3CA,ESR1,9606,0.941,0.0,0.0,0.0,0.0,0.51,0.4,0.817
9606.ENSP00000263967,9606.ENSP00000346671,PIK3CA,FYN,9606,0.951,0.0,0.0,0.0,0.043,0.069,0.9,0.52
9606.ENSP00000263967,9606.ENSP00000317272,PIK3CA,MET,9606,0.961,0.0,0.0,0.0,0.042,0.069,0.9,0.617
9606.ENSP00000263967,9606.ENSP00000354558,PIK3CA,MTOR,9606,0.963,0.0,0.0,0.0,0.06,0.166,0.9,0.592
9606.ENSP00000263967,9606.ENSP00000393312,PIK3CA,FGFR1,9606,0.977,0.0,0.0,0.0,0.0,0.087,0.9,0.777
9606.ENSP00000263967,9606.ENSP00000362680,PIK3CA,SRC,9606,0.984,0.0,0.0,0.0,0.05,0.069,0.9,0.846
9606.ENSP00000263967,9606.ENSP00000288135,PIK3CA,KIT,9606,0.986,0.0,0.0,0.0,0.106,0.325,0.9,0.809
9606.ENSP00000266970,9606.ENSP00000351284,CDK2,RAD52,9606,0.404,0.0,0.0,0.0,0.044,0.113,0.0,0.354
9606.ENSP00000266970,9606.ENSP00000354394,CDK2,STAT1,9606,0.417,0.0,0.0,0.0,0.062,0.093,0.0,0.37
9606.ENSP00000266970,9606.ENSP00000379683,CDK2,CYP19A1,9606,0.421,0.0,0.0,0.0,0.07,0.0,0.0,0.403
9606.ENSP00000266970,9606.ENSP00000288135,CDK2,KIT,9606,0.43,0.0,0.0,0.0,0.067,0.0,0.0,0.415
9606.ENSP00000266970,9606.ENSP00000340820,CDK2,MAPT,9606,0.444,0.0,0.0,0.0,0.0,0.292,0.0,0.248
9606.ENSP00000266970,9606.ENSP00000380044,CDK2,CSNK1E,9606,0.446,0.0,0.0,0.224,0.09,0.071,0.0,0.255
9606.ENSP00000266970,9606.ENSP00000353731,CDK2,DPP4,9606,0.45,0.0,0.0,0.0,0.0,0.0,0.0,0.45
9606.ENSP00000266970,9606.ENSP00000352516,CDK2,DNMT1,9606,0.529,0.0,0.0,0.0,0.159,0.065,0.0,0.449
9606.ENSP00000266970,9606.ENSP00000337332,CDK2,SIRT6,9606,0.544,0.0,0.0,0.0,0.053,0.069,0.0,0.525
9606.ENSP00000266970,9606.ENSP00000361405,CDK2,MMP9,9606,0.566,0.0,0.0,0.0,0.0,0.0,0.0,0.566
9606.ENSP00000266970,9606.ENSP00000354558,CDK2,MTOR,9606,0.585,0.0,0.0,0.0,0.062,0.068,0.0,0.563
9606.ENSP00000266970,9606.ENSP00000355325,CDK2,PSMB5,9606,0.605,0.0,0.0,0.0,0.081,0.054,0.4,0.332
9606.ENSP00000266970,9606.ENSP00000309572,CDK2,TERT,9606,0.689,0.0,0.0,0.0,0.074,0.0,0.4,0.485
9606.ENSP00000266970,9606.ENSP00000405330,CDK2,ESR1,9606,0.714,0.0,0.0,0.0,0.0,0.294,0.0,0.612
9606.ENSP00000266970,9606.ENSP00000300093,CDK2,PLK1,9606,0.742,0.0,0.0,0.0,0.368,0.15,0.0,0.558
9606.ENSP00000266970,9606.ENSP00000324806,CDK2,GSK3B,9606,0.77,0.0,0.0,0.0,0.044,0.098,0.0,0.755
9606.ENSP00000266970,9606.ENSP00000437955,CDK2,HIF1A,9606,0.773,0.0,0.0,0.0,0.07,0.292,0.0,0.684
9606.ENSP00000266970,9606.ENSP00000381185,CDK2,BCL2,9606,0.812,0.0,0.0,0.0,0.047,0.301,0.0,0.741
9606.ENSP00000270776,9606.ENSP00000367890,PGD,NADK,9606,0.591,0.0,0.0,0.0,0.221,0.0,0.0,0.496
9606.ENSP00000270776,9606.ENSP00000359991,PGD,PGAM1,9606,0.616,0.0,0.0,0.0,0.216,0.0,0.0,0.53
9606.ENSP00000270776,9606.ENSP00000320171,PGD,PKM,9606,0.69,0.095,0.0,0.0,0.228,0.0,0.0,0.591
9606.ENSP00000284981,9606.ENSP00000405330,APP,ESR1,9606,0.435,0.0,0.0,0.0,0.0,0.0,0.0,0.435
9606.ENSP00000284981,9606.ENSP00000301420,APP,KLK1,9606,0.459,0.0,0.0,0.0,0.0,0.181,0.0,0.367
9606.ENSP00000284981,9606.ENSP00000437955,APP,HIF1A,9606,0.483,0.0,0.0,0.0,0.126,0.0,0.0,0.433
9606.ENSP00000284981,9606.ENSP00000354394,APP,STAT1,9606,0.483,0.0,0.0,0.0,0.057,0.0,0.0,0.474
9606.ENSP00000284981,9606.ENSP00000354558,APP,MTOR,9606,0.491,0.0,0.0,0.0,0.049,0.0,0.0,0.487
9606.ENSP00000284981,9606.ENSP00000381185,APP,BCL2,9606,0.594,0.0,0.0,0.0,0.0,0.071,0.0,0.581
9606.ENSP00000284981,9606.ENSP00000352798,APP,COL18A1,9606,0.599,0.0,0.0,0.0,0.083,0.363,0.0,0.37
9606.ENSP00000284981,9606.ENSP00000361405,APP,MMP9,9606,0.644,0.0,0.0,0.0,0.052,0.292,0.0,0.512
9606.ENSP00000284981,9606.ENSP00000340373,APP,DYRK1A,9606,0.735,0.0,0.0,0.0,0.042,0.0,0.0,0.735
9606.ENSP00000284981,9606.ENSP00000346671,APP,FYN,9606,0.78,0.0,0.0,0.0,0.0,0.074,0.0,0.772
9606.ENSP00000284981,9606.ENSP00000362680,APP,SRC,9606,0.864,0.0,0.0,0.0,0.067,0.292,0.5,0.638
9606.ENSP00000284981,9606.ENSP00000324806,APP,GSK3B,9606,0.897,0.0,0.0,0.0,0.108,0.606,0.0,0.73
9606.ENSP00000284981,9606.ENSP00000303211,APP,ACHE,9606,0.937,0.0,0.0,0.0,0.067,0.735,0.0,0.769
9606.ENSP00000284981,9606.ENSP00000500990,APP,SNCA,9606,0.993,0.0,0.0,0.0,0.066,0.78,0.4,0.953
9606.ENSP00000284981,9606.ENSP00000340820,APP,MAPT,9606,0.995,0.0,0.0,0.0,0.0,0.697,0.0,0.985
9606.ENSP00000284981,9606.ENSP00000318585,APP,BACE1,9606,0.999,0.0,0.0,0.0,0.073,0.86,0.75,0.999
9606.ENSP00000284987,9606.ENSP00000458585,ADAMTS5,MMP12,9606,0.42,0.0,0.0,0.0,0.058,0.045,0.0,0.406
9606.ENSP00000284987,9606.ENSP00000308208,ADAMTS5,MMP14,9606,0.492,0.0,0.0,0.0,0.138,0.045,0.0,0.432
9606.ENSP00000284987,9606.ENSP00000361405,ADAMTS5,MMP9,9606,0.629,0.0,0.0,0.0,0.054,0.045,0.0,0.622
9606.ENSP00000284987,9606.ENSP00000322788,ADAMTS5,MMP1,9606,0.646,0.0,0.0,0.0,0.068,0.045,0.0,0.634
9606.ENSP00000285379,9606.ENSP00000301691,CA2,SOST,9606,0.419,0.0,0.0,0.0,0.11,0.0,0.0,0.373
9606.ENSP00000285379,9606.ENSP00000318585,CA2,BACE1,9606,0.438,0.0,0.0,0.0,0.0,0.0,0.0,0.438
9606.ENSP00000285379,9606.ENSP00000361405,CA2,MMP9,9606,0.454,0.0,0.0,0.0,0.056,0.0,0.0,0.445
9606.ENSP00000285379,9606.ENSP00000379683,CA2,CYP19A1,9606,0.49,0.0,0.0,0.0,0.088,0.0,0.0,0.464
9606.ENSP00000285379,9606.ENSP00000362680,CA2,SRC,9606,0.555,0.0,0.0,0.0,0.056,0.059,0.0,0.539
9606.ENSP00000285379,9606.ENSP00000300900,CA2,CA4,9606,0.557,0.0,0.0,0.15,0.078,0.0,0.0,0.48
9606.ENSP00000285379,9606.ENSP00000367608,CA2,CA9,9606,0.637,0.0,0.0,0.13,0.0,0.292,0.0,0.458
9606.ENSP00000285379,9606.ENSP00000345659,CA2,CA7,9606,0.691,0.0,0.0,0.062,0.0,0.0,0.5,0.394
9606.ENSP00000285379,9606.ENSP00000285381,CA2,CA3,9606,0.693,0.0,0.0,0.061,0.067,0.0,0.5,0.383
9606.ENSP00000285379,9606.ENSP00000430656,CA2,CA1,9606,0.833,0.0,0.0,0.061,0.134,0.0,0.7,0.399
9606.ENSP00000285381,9606.ENSP00000345659,CA3,CA7,9606,0.534,0.0,0.0,0.068,0.0,0.0,0.5,0.081
9606.ENSP00000285381,9606.ENSP00000430656,CA3,CA1,9606,0.701,0.0,0.0,0.064,0.047,0.0,0.5,0.41
9606.ENSP00000285381,9606.ENSP00000300900,CA3,CA4,9606,0.845,0.0,0.0,0.156,0.054,0.0,0.0,0.822
9606.ENSP00000288135,9606.ENSP00000366654,KIT,CA6,9606,0.415,0.0,0.0,0.0,0.052,0.0,0.0,0.408
9606.ENSP00000288135,9606.ENSP00000367608,KIT,CA9,9606,0.435,0.0,0.0,0.0,0.052,0.0,0.0,0.428
9606.ENSP00000288135,9606.ENSP00000478255,KIT,ABCB1,9606,0.451,0.0,0.0,0.0,0.094,0.0,0.0,0.419
9606.ENSP00000288135,9606.ENSP00000301178,KIT,AXL,9606,0.5,0.0,0.0,0.0,0.06,0.099,0.0,0.458
9606.ENSP00000288135,9606.ENSP00000361405,KIT,MMP9,9606,0.541,0.0,0.0,0.0,0.099,0.0,0.0,0.511
9606.ENSP00000288135,9606.ENSP00000354558,KIT,MTOR,9606,0.574,0.0,0.0,0.0,0.0,0.0,0.0,0.574
9606.ENSP00000288135,9606.ENSP00000405330,KIT,ESR1,9606,0.592,0.0,0.0,0.0,0.0,0.045,0.0,0.59
9606.ENSP00000288135,9606.ENSP00000317272,KIT,MET,9606,0.594,0.0,0.0,0.0,0.0,0.092,0.0,0.572
9606.ENSP00000288135,9606.ENSP00000437955,KIT,HIF1A,9606,0.609,0.0,0.0,0.0,0.105,0.0,0.0,0.581
9606.ENSP00000288135,9606.ENSP00000309572,KIT,TERT,9606,0.609,0.0,0.0,0.0,0.061,0.0,0.0,0.6
9606.ENSP00000288135,9606.ENSP00000498246,KIT,ABCG2,9606,0.615,0.0,0.0,0.0,0.111,0.045,0.0,0.583
9606.ENSP00000288135,9606.ENSP00000381185,KIT,BCL2,9606,0.707,0.0,0.0,0.0,0.049,0.0,0.0,0.704
9606.ENSP00000288135,9606.ENSP00000351602,KIT,FUT4,9606,0.721,0.0,0.0,0.0,0.047,0.0,0.0,0.72
9606.ENSP00000288135,9606.ENSP00000346671,KIT,FYN,9606,0.771,0.0,0.0,0.0,0.06,0.316,0.4,0.478
9606.ENSP00000288135,9606.ENSP00000451040,KIT,PGF,9606,0.798,0.0,0.0,0.0,0.0,0.0,0.65,0.447
9606.ENSP00000288135,9606.ENSP00000362680,KIT,SRC,9606,0.802,0.0,0.0,0.0,0.06,0.386,0.4,0.496
9606.ENSP00000288135,9606.ENSP00000354394,KIT,STAT1,9606,0.874,0.0,0.0,0.0,0.055,0.612,0.5,0.397
9606.ENSP00000290349,9606.ENSP00000405330,CBR1,ESR1,9606,0.421,0.0,0.0,0.0,0.048,0.368,0.0,0.116
9606.ENSP00000290349,9606.ENSP00000393312,CBR1,FGFR1,9606,0.429,0.0,0.0,0.0,0.0,0.0,0.0,0.429
9606.ENSP00000290349,9606.ENSP00000342385,CBR1,PTGES,9606,0.939,0.0,0.0,0.0,0.0,0.0,0.9,0.42
9606.ENSP00000300093,9606.ENSP00000355325,PLK1,PSMB5,9606,0.408,0.0,0.0,0.0,0.067,0.292,0.0,0.176
9606.ENSP00000300093,9606.ENSP00000405330,PLK1,ESR1,9606,0.42,0.0,0.0,0.0,0.0,0.045,0.0,0.418
9606.ENSP00000300093,9606.ENSP00000469863,PLK1,DYRK1B,9606,0.461,0.0,0.0,0.0,0.053,0.38,0.0,0.155
9606.ENSP00000300093,9606.ENSP00000340373,PLK1,DYRK1A,9606,0.496,0.0,0.0,0.0,0.053,0.381,0.0,0.21
9606.ENSP00000300093,9606.ENSP00000381185,PLK1,BCL2,9606,0.507,0.0,0.0,0.0,0.0,0.0,0.0,0.507
9606.ENSP00000300093,9606.ENSP00000365804,PLK1,HDAC6,9606,0.539,0.0,0.0,0.0,0.042,0.292,0.0,0.376
9606.ENSP00000300093,9606.ENSP00000380044,PLK1,CSNK1E,9606,0.858,0.0,0.0,0.0,0.077,0.0,0.8,0.292
9606.ENSP00000300900,9606.ENSP00000498065,CA4,CA5A,9606,0.412,0.0,0.0,0.187,0.0,0.0,0.0,0.306
9606.ENSP00000300900,9606.ENSP00000500990,CA4,SNCA,9606,0.426,0.0,0.0,0.0,0.08,0.0,0.0,0.401
9606.ENSP00000300900,9606.ENSP00000498246,CA4,ABCG2,9606,0.44,0.0,0.0,0.0,0.075,0.0,0.0,0.419
9606.ENSP00000300900,9606.ENSP00000343925,CA4,ESR2,9606,0.442,0.0,0.0,0.0,0.0,0.041,0.0,0.442
9606.ENSP00000300900,9606.ENSP00000340820,CA4,MAPT,9606,0.447,0.0,0.004,0.0,0.067,0.07,0.0,0.414
9606.ENSP00000300900,9606.ENSP00000430656,CA4,CA1,9606,0.449,0.0,0.0,0.173,0.099,0.0,0.0,0.32
9606.ENSP00000300900,9606.ENSP00000366654,CA4,CA6,9606,0.569,0.0,0.0,0.16,0.0,0.0,0.0,0.508
9606.ENSP00000300900,9606.ENSP00000367608,CA4,CA9,9606,0.666,0.0,0.0,0.19,0.0,0.0,0.5,0.241
9606.ENSP00000301178,9606.ENSP00000361405,AXL,MMP9,9606,0.401,0.0,0.0,0.0,0.0,0.0,0.0,0.401
9606.ENSP00000301178,9606.ENSP00000354558,AXL,MTOR,9606,0.439,0.0,0.0,0.0,0.0,0.073,0.0,0.42
9606.ENSP00000301178,9606.ENSP00000393312,AXL,FGFR1,9606,0.447,0.0,0.0,0.0,0.083,0.091,0.0,0.39
9606.ENSP00000301178,9606.ENSP00000381185,AXL,BCL2,9606,0.463,0.0,0.0,0.0,0.0,0.0,0.0,0.463
9606.ENSP00000301178,9606.ENSP00000346671,AXL,FYN,9606,0.467,0.0,0.0,0.0,0.044,0.051,0.0,0.46
9606.ENSP00000301178,9606.ENSP00000437955,AXL,HIF1A,9606,0.484,0.0,0.0,0.0,0.067,0.071,0.0,0.452
9606.ENSP00000301178,9606.ENSP00000317272,AXL,MET,9606,0.621,0.0,0.0,0.0,0.091,0.097,0.0,0.576
9606.ENSP00000301178,9606.ENSP00000354394,AXL,STAT1,9606,0.672,0.0,0.0,0.0,0.056,0.096,0.0,0.647
9606.ENSP00000301178,9606.ENSP00000362680,AXL,SRC,9606,0.983,0.0,0.0,0.0,0.049,0.485,0.9,0.694
9606.ENSP00000301420,9606.ENSP00000405330,KLK1,ESR1,9606,0.446,0.0,0.0,0.0,0.0,0.0,0.0,0.446
9606.ENSP00000301420,9606.ENSP00000313581,KLK1,KLK2,9606,0.905,0.0,0.0,0.057,0.049,0.0,0.9,0.069
9606.ENSP00000301691,9606.ENSP00000324806,SOST,GSK3B,9606,0.512,0.0,0.0,0.0,0.0,0.092,0.0,0.485
9606.ENSP00000301691,9606.ENSP00000405330,SOST,ESR1,9606,0.675,0.0,0.0,0.0,0.0,0.046,0.0,0.673
9606.ENSP00000303211,9606.ENSP00000381185,ACHE,BCL2,9606,0.465,0.0,0.0,0.0,0.0,0.0,0.0,0.465
9606.ENSP00000303211,9606.ENSP00000324806,ACHE,GSK3B,9606,0.517,0.0,0.0,0.0,0.0,0.051,0.0,0.512
9606.ENSP00000303211,9606.ENSP00000500990,ACHE,SNCA,9606,0.541,0.0,0.0,0.0,0.06,0.0,0.0,0.532
9606.ENSP00000303211,9606.ENSP00000430656,ACHE,CA1,9606,0.553,0.0,0.0,0.0,0.056,0.0,0.0,0.546
9606.ENSP00000303211,9606.ENSP00000368727,ACHE,XDH,9606,0.739,0.0,0.0,0.0,0.042,0.0,0.0,0.738
9606.ENSP00000303211,9606.ENSP00000340820,ACHE,MAPT,9606,0.817,0.0,0.0,0.0,0.074,0.0,0.0,0.81
9606.ENSP00000303211,9606.ENSP00000318585,ACHE,BACE1,9606,0.831,0.0,0.0,0.0,0.0,0.0,0.0,0.831
9606.ENSP00000308208,9606.ENSP00000317272,MMP14,MET,9606,0.418,0.0,0.0,0.0,0.104,0.0,0.0,0.377
9606.ENSP00000308208,9606.ENSP00000352798,MMP14,COL18A1,9606,0.509,0.0,0.0,0.0,0.174,0.0,0.0,0.431
9606.ENSP00000308208,9606.ENSP00000437955,MMP14,HIF1A,9606,0.516,0.0,0.0,0.0,0.069,0.0,0.0,0.501
9606.ENSP00000308208,9606.ENSP00000367608,MMP14,CA9,9606,0.602,0.0,0.0,0.0,0.082,0.292,0.0,0.437
9606.ENSP00000308208,9606.ENSP00000322788,MMP14,MMP1,9606,0.623,0.0,0.0,0.101,0.274,0.0,0.0,0.469
9606.ENSP00000308208,9606.ENSP00000356975,MMP14,ADAMTS4,9606,0.654,0.0,0.0,0.0,0.056,0.045,0.0,0.647
9606.ENSP00000308208,9606.ENSP00000362680,MMP14,SRC,9606,0.742,0.0,0.0,0.0,0.105,0.0,0.0,0.724
9606.ENSP00000308208,9606.ENSP00000361405,MMP14,MMP9,9606,0.831,0.0,0.0,0.0,0.092,0.0,0.0,0.822
9606.ENSP00000309572,9606.ENSP00000337332,TERT,SIRT6,9606,0.406,0.0,0.0,0.0,0.055,0.068,0.0,0.379
9606.ENSP00000309572,9606.ENSP00000361405,TERT,MMP9,9606,0.41,0.0,0.0,0.0,0.0,0.0,0.0,0.41
9606.ENSP00000309572,9606.ENSP00000362680,TERT,SRC,9606,0.412,0.0,0.0,0.0,0.0,0.049,0.0,0.407
9606.ENSP00000309572,9606.ENSP00000324806,TERT,GSK3B,9606,0.435,0.0,0.0,0.0,0.0,0.049,0.0,0.431
9606.ENSP00000309572,9606.ENSP00000393312,TERT,FGFR1,9606,0.507,0.0,0.0,0.0,0.0,0.0,0.0,0.507
9606.ENSP00000309572,9606.ENSP00000352516,TERT,DNMT1,9606,0.53,0.0,0.0,0.0,0.072,0.0,0.0,0.514
9606.ENSP00000309572,9606.ENSP00000317272,TERT,MET,9606,0.541,0.0,0.0,0.0,0.0,0.198,0.0,0.45
9606.ENSP00000309572,9606.ENSP00000405330,TERT,ESR1,9606,0.553,0.0,0.0,0.0,0.0,0.0,0.0,0.553
9606.ENSP00000309572,9606.ENSP00000381185,TERT,BCL2,9606,0.586,0.0,0.0,0.0,0.0,0.0,0.0,0.586
9606.ENSP00000309572,9606.ENSP00000437955,TERT,HIF1A,9606,0.702,0.0,0.0,0.0,0.055,0.0,0.0,0.698
9606.ENSP00000309572,9606.ENSP00000354558,TERT,MTOR,9606,0.738,0.0,0.0,0.0,0.042,0.335,0.0,0.622
9606.ENSP00000309572,9606.ENSP00000351284,TERT,RAD52,9606,0.77,0.0,0.0,0.0,0.056,0.565,0.0,0.486
9606.ENSP00000313581,9606.ENSP00000361405,KLK2,MMP9,9606,0.516,0.0,0.0,0.0,0.055,0.0,0.4,0.215
9606.ENSP00000313581,9606.ENSP00000383042,KLK2,KDM1A,9606,0.587,0.0,0.0,0.0,0.055,0.0,0.5,0.197
9606.ENSP00000314099,9606.ENSP00000366654,CA5B,CA6,9606,0.427,0.0,0.0,0.186,0.067,0.0,0.0,0.306
9606.ENSP00000314099,9606.ENSP00000498065,CA5B,CA5A,9606,0.734,0.0,0.0,0.06,0.098,0.0,0.7,0.078
9606.ENSP00000316948,9606.ENSP00000394734,CLK4,CLK1,9606,0.959,0.0,0.0,0.051,0.599,0.0,0.9,0.056
9606.ENSP00000317272,9606.ENSP00000478255,MET,ABCB1,9606,0.412,0.0,0.0,0.0,0.069,0.054,0.0,0.386
9606.ENSP00000317272,9606.ENSP00000320171,MET,PKM,9606,0.428,0.0,0.0,0.0,0.059,0.17,0.0,0.327
9606.ENSP00000317272,9606.ENSP00000367608,MET,CA9,9606,0.441,0.0,0.0,0.0,0.086,0.0,0.0,0.414
9606.ENSP00000317272,9606.ENSP00000353731,MET,DPP4,9606,0.457,0.0,0.0,0.0,0.074,0.0,0.0,0.438
9606.ENSP00000317272,9606.ENSP00000498246,MET,ABCG2,9606,0.492,0.0,0.0,0.0,0.062,0.044,0.0,0.479
9606.ENSP00000317272,9606.ENSP00000324806,MET,GSK3B,9606,0.555,0.0,0.0,0.0,0.0,0.188,0.0,0.475
9606.ENSP00000317272,9606.ENSP00000381185,MET,BCL2,9606,0.6,0.0,0.0,0.0,0.0,0.0,0.0,0.6
9606.ENSP00000317272,9606.ENSP00000354558,MET,MTOR,9606,0.62,0.0,0.0,0.0,0.0,0.073,0.0,0.607
9606.ENSP00000317272,9606.ENSP00000437955,MET,HIF1A,9606,0.639,0.0,0.0,0.0,0.066,0.071,0.0,0.618
9606.ENSP00000317272,9606.ENSP00000405330,MET,ESR1,9606,0.68,0.0,0.0,0.0,0.111,0.071,0.0,0.643
9606.ENSP00000317272,9606.ENSP00000361405,MET,MMP9,9606,0.746,0.0,0.0,0.0,0.049,0.0,0.0,0.744
9606.ENSP00000317272,9606.ENSP00000451040,MET,PGF,9606,0.779,0.0,0.0,0.0,0.0,0.0,0.65,0.395
9606.ENSP00000317272,9606.ENSP00000362680,MET,SRC,9606,0.993,0.0,0.0,0.0,0.067,0.682,0.9,0.8
9606.ENSP00000318142,9606.ENSP00000493823,FUT7,ST3GAL3,9606,0.592,0.0,0.0,0.0,0.042,0.0,0.0,0.592
9606.ENSP00000318142,9606.ENSP00000351602,FUT7,FUT4,9606,0.911,0.0,0.0,0.081,0.0,0.0,0.9,0.116
9606.ENSP00000318585,9606.ENSP00000322788,BACE1,MMP1,9606,0.436,0.0,0.0,0.0,0.042,0.0,0.0,0.435
9606.ENSP00000318585,9606.ENSP00000346671,BACE1,FYN,9606,0.438,0.0,0.0,0.0,0.07,0.06,0.0,0.408
9606.ENSP00000318585,9606.ENSP00000500990,BACE1,SNCA,9606,0.657,0.0,0.0,0.0,0.063,0.0,0.0,0.649
9606.ENSP00000318585,9606.ENSP00000381185,BACE1,BCL2,9606,0.67,0.0,0.0,0.0,0.0,0.0,0.0,0.67
9606.ENSP00000318585,9606.ENSP00000324806,BACE1,GSK3B,9606,0.677,0.0,0.0,0.0,0.049,0.064,0.0,0.666
9606.ENSP00000318585,9606.ENSP00000340820,BACE1,MAPT,9606,0.77,0.0,0.0,0.0,0.067,0.0,0.0,0.764
9606.ENSP00000320171,9606.ENSP00000380044,PKM,CSNK1E,9606,0.408,0.0,0.0,0.0,0.111,0.0,0.0,0.361
9606.ENSP00000320171,9606.ENSP00000337332,PKM,SIRT6,9606,0.435,0.044,0.0,0.0,0.057,0.053,0.0,0.416
9606.ENSP00000320171,9606.ENSP00000362680,PKM,SRC,9606,0.454,0.0,0.0,0.0,0.059,0.075,0.0,0.423
9606.ENSP00000320171,9606.ENSP00000324806,PKM,GSK3B,9606,0.488,0.0,0.0,0.0,0.057,0.191,0.0,0.382
9606.ENSP00000320171,9606.ENSP00000365804,PKM,HDAC6,9606,0.53,0.054,0.0,0.0,0.069,0.424,0.0,0.181
9606.ENSP00000320171,9606.ENSP00000354558,PKM,MTOR,9606,0.545,0.0,0.0,0.0,0.049,0.0,0.0,0.542
9606.ENSP00000320171,9606.ENSP00000381185,PKM,BCL2,9606,0.669,0.0,0.0,0.0,0.0,0.0,0.0,0.669
9606.ENSP00000320171,9606.ENSP00000389351,PKM,RPSA,9606,0.69,0.051,0.0,0.0,0.373,0.401,0.0,0.233
9606.ENSP00000320171,9606.ENSP00000393312,PKM,FGFR1,9606,0.932,0.0,0.0,0.0,0.042,0.591,0.0,0.842
9606.ENSP00000320171,9606.ENSP00000359991,PKM,PGAM1,9606,0.975,0.059,0.0,0.0,0.505,0.0,0.285,0.934
9606.ENSP00000320171,9606.ENSP00000437955,PKM,HIF1A,9606,0.996,0.0,0.0,0.0,0.06,0.301,0.0,0.995
9606.ENSP00000322788,9606.ENSP00000362680,MMP1,SRC,9606,0.406,0.0,0.0,0.0,0.059,0.0,0.0,0.395
9606.ENSP00000322788,9606.ENSP00000405330,MMP1,ESR1,9606,0.41,0.0,0.0,0.0,0.0,0.0,0.0,0.41
9606.ENSP00000322788,9606.ENSP00000381185,MMP1,BCL2,9606,0.447,0.0,0.0,0.0,0.0,0.0,0.0,0.447
9606.ENSP00000322788,9606.ENSP00000353731,MMP1,DPP4,9606,0.536,0.0,0.0,0.0,0.097,0.0,0.0,0.508
9606.ENSP00000322788,9606.ENSP00000458585,MMP1,MMP12,9606,0.625,0.0,0.0,0.073,0.375,0.0,0.0,0.404
9606.ENSP00000322788,9606.ENSP00000437955,MMP1,HIF1A,9606,0.672,0.0,0.0,0.0,0.103,0.0,0.0,0.649
9606.ENSP00000322788,9606.ENSP00000356975,MMP1,ADAMTS4,9606,0.679,0.0,0.0,0.0,0.057,0.053,0.0,0.669
9606.ENSP00000322788,9606.ENSP00000361405,MMP1,MMP9,9606,0.974,0.0,0.0,0.0,0.154,0.0,0.9,0.725
9606.ENSP00000324806,9606.ENSP00000498246,GSK3B,ABCG2,9606,0.413,0.0,0.0,0.0,0.055,0.044,0.0,0.402
9606.ENSP00000324806,9606.ENSP00000478255,GSK3B,ABCB1,9606,0.425,0.0,0.0,0.0,0.05,0.054,0.0,0.411
9606.ENSP00000324806,9606.ENSP00000355325,GSK3B,PSMB5,9606,0.45,0.0,0.0,0.0,0.05,0.064,0.4,0.091
9606.ENSP00000324806,9606.ENSP00000352516,GSK3B,DNMT1,9606,0.521,0.0,0.005,0.0,0.103,0.136,0.0,0.431
9606.ENSP00000324806,9606.ENSP00000383042,GSK3B,KDM1A,9606,0.524,0.0,0.0,0.0,0.06,0.296,0.0,0.338
9606.ENSP00000324806,9606.ENSP00000368884,GSK3B,RPS6KA3,9606,0.537,0.0,0.0,0.0,0.049,0.095,0.0,0.506
9606.ENSP00000324806,9606.ENSP00000361405,GSK3B,MMP9,9606,0.612,0.0,0.0,0.0,0.0,0.0,0.0,0.612
9606.ENSP00000324806,9606.ENSP00000405330,GSK3B,ESR1,9606,0.629,0.0,0.0,0.0,0.0,0.071,0.0,0.618
9606.ENSP00000324806,9606.ENSP00000343925,GSK3B,ESR2,9606,0.648,0.0,0.0,0.0,0.0,0.071,0.0,0.636
9606.ENSP00000324806,9606.ENSP00000437955,GSK3B,HIF1A,9606,0.653,0.0,0.0,0.0,0.044,0.071,0.0,0.64
9606.ENSP00000324806,9606.ENSP00000500990,GSK3B,SNCA,9606,0.67,0.0,0.0,0.0,0.0,0.303,0.0,0.546
9606.ENSP00000324806,9606.ENSP00000342105,GSK3B,DYRK2,9606,0.672,0.0,0.0,0.0,0.077,0.331,0.0,0.511
9606.ENSP00000324806,9606.ENSP00000354394,GSK3B,STAT1,9606,0.713,0.0,0.0,0.0,0.047,0.096,0.5,0.413
9606.ENSP00000324806,9606.ENSP00000365804,GSK3B,HDAC6,9606,0.717,0.0,0.0,0.0,0.042,0.314,0.0,0.604
9606.ENSP00000324806,9606.ENSP00000346671,GSK3B,FYN,9606,0.723,0.0,0.0,0.0,0.0,0.07,0.4,0.543
9606.ENSP00000324806,9606.ENSP00000381185,GSK3B,BCL2,9606,0.731,0.0,0.0,0.0,0.049,0.0,0.0,0.729
9606.ENSP00000324806,9606.ENSP00000354558,GSK3B,MTOR,9606,0.784,0.0,0.0,0.0,0.135,0.095,0.0,0.746
9606.ENSP00000324806,9606.ENSP00000340373,GSK3B,DYRK1A,9606,0.808,0.0,0.0,0.0,0.105,0.095,0.0,0.782
9606.ENSP00000324806,9606.ENSP00000362680,GSK3B,SRC,9606,0.867,0.0,0.0,0.0,0.044,0.07,0.0,0.863
9606.ENSP00000324806,9606.ENSP00000380044,GSK3B,CSNK1E,9606,0.989,0.0,0.0,0.0,0.049,0.086,0.9,0.889
9606.ENSP00000324806,9606.ENSP00000340820,GSK3B,MAPT,9606,0.999,0.0,0.0,0.0,0.0,0.942,0.9,0.943
9606.ENSP00000337332,9606.ENSP00000352516,SIRT6,DNMT1,9606,0.417,0.0,0.0,0.0,0.0,0.0,0.0,0.417
9606.ENSP00000337332,9606.ENSP00000383042,SIRT6,KDM1A,9606,0.429,0.0,0.0,0.0,0.069,0.091,0.0,0.38
9606.ENSP00000337332,9606.ENSP00000354558,SIRT6,MTOR,9606,0.463,0.0,0.0,0.0,0.0,0.071,0.0,0.446
9606.ENSP00000337332,9606.ENSP00000365804,SIRT6,HDAC6,9606,0.617,0.0,0.0,0.0,0.0,0.137,0.0,0.575
9606.ENSP00000337332,9606.ENSP00000437955,SIRT6,HIF1A,9606,0.98,0.0,0.0,0.0,0.0,0.0,0.9,0.811
9606.ENSP00000340373,9606.ENSP00000347792,DYRK1A,SYNJ2,9606,0.472,0.0,0.0,0.0,0.061,0.128,0.0,0.406
9606.ENSP00000340373,9606.ENSP00000500990,DYRK1A,SNCA,9606,0.525,0.0,0.0,0.0,0.043,0.295,0.0,0.352
9606.ENSP00000340373,9606.ENSP00000340820,DYRK1A,MAPT,9606,0.748,0.0,0.0,0.0,0.0,0.51,0.0,0.507
9606.ENSP00000340820,9606.ENSP00000381185,MAPT,BCL2,9606,0.413,0.0,0.0,0.0,0.062,0.0,0.0,0.4
9606.ENSP00000340820,9606.ENSP00000405330,MAPT,ESR1,9606,0.418,0.0,0.0,0.0,0.084,0.0,0.0,0.391
9606.ENSP00000340820,9606.ENSP00000360290,MAPT,PRKAA2,9606,0.548,0.0,0.0,0.0,0.062,0.0,0.5,0.114
9606.ENSP00000340820,9606.ENSP00000365804,MAPT,HDAC6,9606,0.879,0.0,0.0,0.0,0.0,0.787,0.0,0.454
9606.ENSP00000340820,9606.ENSP00000362680,MAPT,SRC,9606,0.897,0.0,0.0,0.0,0.0,0.685,0.0,0.686
9606.ENSP00000340820,9606.ENSP00000346671,MAPT,FYN,9606,0.994,0.0,0.0,0.0,0.0,0.874,0.0,0.957
9606.ENSP00000340820,9606.ENSP00000500990,MAPT,SNCA,9606,0.994,0.0,0.0,0.0,0.079,0.817,0.0,0.97
9606.ENSP00000342385,9606.ENSP00000361405,PTGES,MMP9,9606,0.409,0.0,0.0,0.0,0.057,0.0,0.0,0.399
9606.ENSP00000342385,9606.ENSP00000437955,PTGES,HIF1A,9606,0.413,0.0,0.0,0.0,0.073,0.0,0.0,0.392
9606.ENSP00000342385,9606.ENSP00000363512,PTGES,ALOX5,9606,0.666,0.0,0.0,0.0,0.0,0.0,0.0,0.666
9606.ENSP00000342385,9606.ENSP00000354612,PTGES,PTGS1,9606,0.973,0.0,0.0,0.0,0.0,0.0,0.9,0.741
9606.ENSP00000343925,9606.ENSP00000361405,ESR2,MMP9,9606,0.512,0.0,0.0,0.0,0.074,0.0,0.0,0.495
9606.ENSP00000343925,9606.ENSP00000478561,ESR2,CYP1B1,9606,0.531,0.0,0.0,0.0,0.06,0.056,0.0,0.514
9606.ENSP00000343925,9606.ENSP00000381185,ESR2,BCL2,9606,0.599,0.0,0.0,0.0,0.056,0.045,0.0,0.591
9606.ENSP00000343925,9606.ENSP00000352516,ESR2,DNMT1,9606,0.642,0.0,0.0,0.0,0.0,0.095,0.0,0.62
9606.ENSP00000343925,9606.ENSP00000437955,ESR2,HIF1A,9606,0.676,0.0,0.0,0.0,0.067,0.071,0.0,0.656
9606.ENSP00000343925,9606.ENSP00000379683,ESR2,CYP19A1,9606,0.925,0.0,0.0,0.0,0.048,0.056,0.0,0.923
9606.ENSP00000343925,9606.ENSP00000362680,ESR2,SRC,9606,0.995,0.0,0.0,0.0,0.0,0.629,0.9,0.889
9606.ENSP00000343925,9606.ENSP00000405330,ESR2,ESR1,9606,0.998,0.0,0.0,0.062,0.042,0.83,0.9,0.934
9606.ENSP00000345659,9606.ENSP00000430656,CA7,CA1,9606,0.702,0.0,0.0,0.066,0.064,0.0,0.5,0.4
9606.ENSP00000346671,9606.ENSP00000354558,FYN,MTOR,9606,0.4,0.0,0.0,0.0,0.0,0.073,0.0,0.38
9606.ENSP00000346671,9606.ENSP00000381185,FYN,BCL2,9606,0.428,0.0,0.0,0.0,0.072,0.0,0.0,0.409
9606.ENSP00000346671,9606.ENSP00000368884,FYN,RPS6KA3,9606,0.566,0.0,0.0,0.0,0.078,0.486,0.0,0.158
9606.ENSP00000346671,9606.ENSP00000354394,FYN,STAT1,9606,0.704,0.0,0.0,0.0,0.077,0.096,0.5,0.375
9606.ENSP00000346671,9606.ENSP00000500990,FYN,SNCA,9606,0.836,0.0,0.0,0.0,0.072,0.743,0.0,0.368
9606.ENSP00000346671,9606.ENSP00000362680,FYN,SRC,9606,0.999,0.0,0.0,0.055,0.046,0.943,0.9,0.849
9606.ENSP00000351602,9606.ENSP00000493823,FUT4,ST3GAL3,9606,0.45,0.0,0.0,0.0,0.0,0.0,0.0,0.45
9606.ENSP00000351602,9606.ENSP00000381185,FUT4,BCL2,9606,0.475,0.0,0.0,0.0,0.0,0.0,0.0,0.475
9606.ENSP00000352516,9606.ENSP00000361405,DNMT1,MMP9,9606,0.439,0.0,0.0,0.0,0.048,0.0,0.0,0.435
9606.ENSP00000352516,9606.ENSP00000362680,DNMT1,SRC,9606,0.443,0.0,0.0,0.0,0.103,0.066,0.0,0.388
9606.ENSP00000352516,9606.ENSP00000354558,DNMT1,MTOR,9606,0.473,0.0,0.0,0.0,0.074,0.0,0.0,0.455
9606.ENSP00000352516,9606.ENSP00000437955,DNMT1,HIF1A,9606,0.531,0.0,0.0,0.0,0.044,0.0,0.0,0.53
9606.ENSP00000352516,9606.ENSP00000354394,DNMT1,STAT1,9606,0.545,0.0,0.0,0.0,0.063,0.045,0.0,0.532
9606.ENSP00000352516,9606.ENSP00000381185,DNMT1,BCL2,9606,0.571,0.0,0.0,0.0,0.044,0.0,0.0,0.57
9606.ENSP00000352516,9606.ENSP00000365804,DNMT1,HDAC6,9606,0.587,0.0,0.0,0.0,0.049,0.076,0.0,0.568
9606.ENSP00000352516,9606.ENSP00000405330,DNMT1,ESR1,9606,0.625,0.0,0.0,0.0,0.0,0.091,0.0,0.605
9606.ENSP00000352516,9606.ENSP00000383042,DNMT1,KDM1A,9606,0.998,0.0,0.0,0.0,0.084,0.625,0.0,0.996
9606.ENSP00000352798,9606.ENSP00000437955,COL18A1,HIF1A,9606,0.513,0.0,0.0,0.0,0.053,0.0,0.0,0.507
9606.ENSP00000352798,9606.ENSP00000451040,COL18A1,PGF,9606,0.577,0.0,0.0,0.0,0.056,0.0,0.0,0.571
9606.ENSP00000352798,9606.ENSP00000458585,COL18A1,MMP12,9606,0.583,0.0,0.0,0.0,0.051,0.0,0.4,0.328
9606.ENSP00000352798,9606.ENSP00000361405,COL18A1,MMP9,9606,0.92,0.0,0.0,0.0,0.11,0.238,0.75,0.588
9606.ENSP00000353731,9606.ENSP00000361405,DPP4,MMP9,9606,0.468,0.0,0.0,0.0,0.057,0.0,0.0,0.459
9606.ENSP00000353731,9606.ENSP00000382342,DPP4,ABCC1,9606,0.481,0.0,0.0,0.0,0.042,0.0,0.0,0.481
9606.ENSP00000354394,9606.ENSP00000498596,STAT1,STING1,9606,0.488,0.0,0.0,0.0,0.122,0.049,0.0,0.436
9606.ENSP00000354394,9606.ENSP00000381185,STAT1,BCL2,9606,0.611,0.0,0.0,0.0,0.0,0.056,0.0,0.605
9606.ENSP00000354394,9606.ENSP00000361405,STAT1,MMP9,9606,0.727,0.0,0.0,0.0,0.106,0.0,0.0,0.707
9606.ENSP00000354394,9606.ENSP00000437955,STAT1,HIF1A,9606,0.748,0.0,0.0,0.0,0.072,0.045,0.0,0.738
9606.ENSP00000354394,9606.ENSP00000354558,STAT1,MTOR,9606,0.827,0.0,0.0,0.0,0.049,0.678,0.0,0.482
9606.ENSP00000354394,9606.ENSP00000405330,STAT1,ESR1,9606,0.915,0.0,0.0,0.0,0.043,0.304,0.5,0.775
9606.ENSP00000354394,9606.ENSP00000362680,STAT1,SRC,9606,0.936,0.0,0.0,0.0,0.092,0.646,0.5,0.649
9606.ENSP00000354558,9606.ENSP00000393312,MTOR,FGFR1,9606,0.45,0.0,0.0,0.0,0.0,0.0,0.0,0.45
9606.ENSP00000354558,9606.ENSP00000365804,MTOR,HDAC6,9606,0.459,0.0,0.0,0.0,0.06,0.0,0.0,0.448
9606.ENSP00000354558,9606.ENSP00000478255,MTOR,ABCB1,9606,0.476,0.0,0.0,0.0,0.0,0.072,0.0,0.459
9606.ENSP00000354558,9606.ENSP00000500990,MTOR,SNCA,9606,0.483,0.0,0.0,0.0,0.0,0.0,0.0,0.483
9606.ENSP00000354558,9606.ENSP00000379683,MTOR,CYP19A1,9606,0.507,0.0,0.0,0.0,0.0,0.0,0.0,0.507
9606.ENSP00000354558,9606.ENSP00000361405,MTOR,MMP9,9606,0.588,0.0,0.0,0.0,0.0,0.0,0.0,0.588
9606.ENSP00000354558,9606.ENSP00000368884,MTOR,RPS6KA3,9606,0.6,0.0,0.0,0.0,0.054,0.095,0.0,0.571
9606.ENSP00000354558,9606.ENSP00000405330,MTOR,ESR1,9606,0.745,0.0,0.0,0.0,0.0,0.292,0.0,0.655
9606.ENSP00000354558,9606.ENSP00000381185,MTOR,BCL2,9606,0.765,0.0,0.0,0.0,0.0,0.0,0.0,0.765
9606.ENSP00000354558,9606.ENSP00000437955,MTOR,HIF1A,9606,0.789,0.0,0.0,0.0,0.0,0.069,0.0,0.782
9606.ENSP00000354558,9606.ENSP00000362680,MTOR,SRC,9606,0.793,0.0,0.0,0.0,0.042,0.073,0.0,0.786
9606.ENSP00000354558,9606.ENSP00000360290,MTOR,PRKAA2,9606,0.973,0.0,0.0,0.0,0.0,0.115,0.9,0.721
9606.ENSP00000354612,9606.ENSP00000393312,PTGS1,FGFR1,9606,0.448,0.0,0.0,0.0,0.045,0.0,0.0,0.446
9606.ENSP00000354612,9606.ENSP00000405330,PTGS1,ESR1,9606,0.453,0.0,0.0,0.0,0.047,0.0,0.0,0.45
9606.ENSP00000354612,9606.ENSP00000361405,PTGS1,MMP9,9606,0.454,0.0,0.0,0.0,0.14,0.0,0.0,0.391
9606.ENSP00000354612,9606.ENSP00000381185,PTGS1,BCL2,9606,0.517,0.0,0.0,0.0,0.0,0.0,0.0,0.517
9606.ENSP00000354612,9606.ENSP00000363512,PTGS1,ALOX5,9606,0.97,0.0,0.0,0.0,0.13,0.0,0.9,0.692
9606.ENSP00000355325,9606.ENSP00000437955,PSMB5,HIF1A,9606,0.481,0.0,0.0,0.0,0.087,0.0,0.4,0.129
9606.ENSP00000355325,9606.ENSP00000500990,PSMB5,SNCA,9606,0.688,0.0,0.0,0.0,0.074,0.0,0.65,0.117
9606.ENSP00000356975,9606.ENSP00000458585,ADAMTS4,MMP12,9606,0.474,0.0,0.0,0.0,0.052,0.053,0.0,0.46
9606.ENSP00000356975,9606.ENSP00000361405,ADAMTS4,MMP9,9606,0.641,0.0,0.0,0.0,0.042,0.045,0.0,0.639
9606.ENSP00000357345,9606.ENSP00000360290,CLK2,PRKAA2,9606,0.429,0.0,0.0,0.0,0.085,0.086,0.0,0.372
9606.ENSP00000357345,9606.ENSP00000394734,CLK2,CLK1,9606,0.792,0.0,0.0,0.065,0.054,0.779,0.0,0.062
9606.ENSP00000357345,9606.ENSP00000378505,CLK2,CLK3,9606,0.846,0.0,0.0,0.06,0.049,0.836,0.0,0.078
9606.ENSP00000359991,9606.ENSP00000437955,PGAM1,HIF1A,9606,0.48,0.0,0.0,0.0,0.132,0.0,0.0,0.425
9606.ENSP00000360290,9606.ENSP00000381185,PRKAA2,BCL2,9606,0.434,0.0,0.0,0.0,0.0,0.0,0.0,0.434
9606.ENSP00000361405,9606.ENSP00000498246,MMP9,ABCG2,9606,0.438,0.0,0.0,0.0,0.0,0.0,0.0,0.438
9606.ENSP00000361405,9606.ENSP00000478255,MMP9,ABCB1,9606,0.46,0.0,0.0,0.0,0.111,0.0,0.0,0.418
9606.ENSP00000361405,9606.ENSP00000363512,MMP9,ALOX5,9606,0.478,0.0,0.0,0.0,0.178,0.045,0.0,0.388
9606.ENSP00000361405,9606.ENSP00000368727,MMP9,XDH,9606,0.564,0.0,0.0,0.0,0.0,0.0,0.0,0.564
9606.ENSP00000361405,9606.ENSP00000367608,MMP9,CA9,9606,0.622,0.0,0.0,0.0,0.0,0.0,0.0,0.622
9606.ENSP00000361405,9606.ENSP00000393312,MMP9,FGFR1,9606,0.631,0.0,0.0,0.0,0.055,0.0,0.0,0.626
9606.ENSP00000361405,9606.ENSP00000458585,MMP9,MMP12,9606,0.697,0.0,0.0,0.0,0.318,0.0,0.4,0.318
9606.ENSP00000361405,9606.ENSP00000451040,MMP9,PGF,9606,0.702,0.0,0.0,0.0,0.049,0.0,0.0,0.7
9606.ENSP00000361405,9606.ENSP00000405330,MMP9,ESR1,9606,0.772,0.0,0.0,0.0,0.074,0.0,0.0,0.763
9606.ENSP00000361405,9606.ENSP00000381185,MMP9,BCL2,9606,0.804,0.0,0.0,0.0,0.087,0.0,0.0,0.794
9606.ENSP00000361405,9606.ENSP00000437955,MMP9,HIF1A,9606,0.824,0.0,0.0,0.0,0.088,0.0,0.0,0.815
9606.ENSP00000361405,9606.ENSP00000362680,MMP9,SRC,9606,0.97,0.0,0.0,0.0,0.075,0.0,0.9,0.706
9606.ENSP00000362680,9606.ENSP00000365804,SRC,HDAC6,9606,0.414,0.0,0.0,0.0,0.076,0.068,0.0,0.374
9606.ENSP00000362680,9606.ENSP00000478255,SRC,ABCB1,9606,0.433,0.0,0.0,0.0,0.05,0.054,0.0,0.42
9606.ENSP00000362680,9606.ENSP00000498246,SRC,ABCG2,9606,0.437,0.0,0.0,0.0,0.055,0.044,0.0,0.427
9606.ENSP00000362680,9606.ENSP00000379683,SRC,CYP19A1,9606,0.478,0.0,0.0,0.0,0.104,0.051,0.0,0.436
9606.ENSP00000362680,9606.ENSP00000375093,SRC,TAS2R31,9606,0.499,0.0,0.0,0.0,0.0,0.0,0.5,0.0
9606.ENSP00000362680,9606.ENSP00000500990,SRC,SNCA,9606,0.508,0.0,0.0,0.0,0.056,0.295,0.0,0.32
9606.ENSP00000362680,9606.ENSP00000368884,SRC,RPS6KA3,9606,0.592,0.0,0.0,0.0,0.045,0.313,0.0,0.427
9606.ENSP00000362680,9606.ENSP00000393312,SRC,FGFR1,9606,0.68,0.0,0.0,0.0,0.0,0.357,0.0,0.523
9606.ENSP00000362680,9606.ENSP00000381185,SRC,BCL2,9606,0.86,0.0,0.0,0.0,0.067,0.0,0.0,0.856
9606.ENSP00000362680,9606.ENSP00000437955,SRC,HIF1A,9606,0.872,0.0,0.0,0.0,0.0,0.632,0.0,0.666
9606.ENSP00000362680,9606.ENSP00000405330,SRC,ESR1,9606,0.999,0.0,0.0,0.0,0.0,0.925,0.9,0.996
9606.ENSP00000365804,9606.ENSP00000381185,HDAC6,BCL2,9606,0.479,0.0,0.0,0.0,0.052,0.0,0.0,0.473
9606.ENSP00000365804,9606.ENSP00000368884,HDAC6,RPS6KA3,9606,0.543,0.0,0.0,0.0,0.118,0.066,0.0,0.49
9606.ENSP00000365804,9606.ENSP00000405330,HDAC6,ESR1,9606,0.574,0.0,0.0,0.0,0.046,0.045,0.0,0.57
9606.ENSP00000365804,9606.ENSP00000383042,HDAC6,KDM1A,9606,0.588,0.0,0.0,0.0,0.062,0.228,0.0,0.476
9606.ENSP00000365804,9606.ENSP00000437955,HDAC6,HIF1A,9606,0.752,0.0,0.0,0.0,0.0,0.309,0.0,0.656
9606.ENSP00000365804,9606.ENSP00000500990,HDAC6,SNCA,9606,0.754,0.0,0.0,0.0,0.067,0.226,0.0,0.687
9606.ENSP00000366654,9606.ENSP00000498065,CA6,CA5A,9606,0.4,0.0,0.0,0.167,0.084,0.0,0.0,0.277
9606.ENSP00000366654,9606.ENSP00000430656,CA6,CA1,9606,0.544,0.0,0.0,0.141,0.0,0.0,0.0,0.491
9606.ENSP00000367608,9606.ENSP00000405330,CA9,ESR1,9606,0.41,0.0,0.0,0.0,0.0,0.041,0.0,0.411
9606.ENSP00000367608,9606.ENSP00000430656,CA9,CA1,9606,0.515,0.0,0.0,0.136,0.0,0.0,0.0,0.461
9606.ENSP00000367608,9606.ENSP00000381185,CA9,BCL2,9606,0.56,0.0,0.0,0.0,0.0,0.0,0.0,0.56
9606.ENSP00000367608,9606.ENSP00000437955,CA9,HIF1A,9606,0.944,0.0,0.0,0.0,0.055,0.438,0.5,0.815
9606.ENSP00000368727,9606.ENSP00000498246,XDH,ABCG2,9606,0.427,0.0,0.0,0.0,0.042,0.064,0.0,0.412
9606.ENSP00000368727,9606.ENSP00000437955,XDH,HIF1A,9606,0.449,0.0,0.0,0.0,0.042,0.0,0.0,0.448
9606.ENSP00000368727,9606.ENSP00000405330,XDH,ESR1,9606,0.469,0.0,0.0,0.0,0.053,0.091,0.0,0.433
9606.ENSP00000368727,9606.ENSP00000381185,XDH,BCL2,9606,0.494,0.0,0.0,0.0,0.053,0.0,0.0,0.487
9606.ENSP00000368884,9606.ENSP00000381185,RPS6KA3,BCL2,9606,0.418,0.0,0.0,0.0,0.069,0.0,0.0,0.401
9606.ENSP00000368884,9606.ENSP00000405330,RPS6KA3,ESR1,9606,0.7,0.0,0.0,0.0,0.055,0.292,0.0,0.588
9606.ENSP00000368884,9606.ENSP00000393312,RPS6KA3,FGFR1,9606,0.859,0.0,0.0,0.0,0.043,0.692,0.0,0.56
9606.ENSP00000379683,9606.ENSP00000381185,CYP19A1,BCL2,9606,0.524,0.0,0.0,0.0,0.055,0.0,0.0,0.517
9606.ENSP00000379683,9606.ENSP00000478561,CYP19A1,CYP1B1,9606,0.739,0.0,0.0,0.249,0.044,0.052,0.172,0.609
9606.ENSP00000379683,9606.ENSP00000405330,CYP19A1,ESR1,9606,0.927,0.0,0.0,0.0,0.042,0.056,0.0,0.925
9606.ENSP00000380044,9606.ENSP00000389351,CSNK1E,RPSA,9606,0.812,0.0,0.0,0.0,0.049,0.091,0.8,0.0
9606.ENSP00000381185,9606.ENSP00000393312,BCL2,FGFR1,9606,0.45,0.0,0.0,0.0,0.0,0.0,0.0,0.45
9606.ENSP00000381185,9606.ENSP00000500990,BCL2,SNCA,9606,0.527,0.0,0.0,0.0,0.0,0.0,0.0,0.527
9606.ENSP00000381185,9606.ENSP00000382342,BCL2,ABCC1,9606,0.538,0.0,0.0,0.0,0.102,0.0,0.0,0.507
9606.ENSP00000381185,9606.ENSP00000498246,BCL2,ABCG2,9606,0.603,0.0,0.0,0.0,0.055,0.0,0.0,0.597
9606.ENSP00000381185,9606.ENSP00000478255,BCL2,ABCB1,9606,0.674,0.0,0.0,0.0,0.049,0.166,0.0,0.622
9606.ENSP00000381185,9606.ENSP00000405330,BCL2,ESR1,9606,0.897,0.0,0.0,0.0,0.083,0.045,0.5,0.794
9606.ENSP00000381185,9606.ENSP00000437955,BCL2,HIF1A,9606,0.946,0.0,0.0,0.0,0.0,0.51,0.0,0.895
9606.ENSP00000382342,9606.ENSP00000437955,ABCC1,HIF1A,9606,0.412,0.0,0.0,0.0,0.072,0.0,0.0,0.392
9606.ENSP00000382342,9606.ENSP00000478255,ABCC1,ABCB1,9606,0.589,0.0,0.0,0.0,0.234,0.076,0.0,0.466
9606.ENSP00000382342,9606.ENSP00000498246,ABCC1,ABCG2,9606,0.971,0.0,0.0,0.0,0.057,0.1,0.0,0.968
9606.ENSP00000383042,9606.ENSP00000437955,KDM1A,HIF1A,9606,0.437,0.0,0.0,0.0,0.049,0.0,0.0,0.433
9606.ENSP00000383042,9606.ENSP00000405330,KDM1A,ESR1,9606,0.962,0.0,0.0,0.0,0.0,0.338,0.5,0.895
9606.ENSP00000393312,9606.ENSP00000437955,FGFR1,HIF1A,9606,0.458,0.0,0.0,0.0,0.043,0.0,0.0,0.457
9606.ENSP00000393312,9606.ENSP00000405330,FGFR1,ESR1,9606,0.555,0.0,0.0,0.0,0.0,0.045,0.0,0.553
9606.ENSP00000393312,9606.ENSP00000451040,FGFR1,PGF,9606,0.819,0.0,0.0,0.0,0.049,0.0,0.65,0.5
9606.ENSP00000405330,9606.ENSP00000500990,ESR1,SNCA,9606,0.442,0.0,0.0,0.0,0.056,0.0,0.0,0.434
9606.ENSP00000405330,9606.ENSP00000478255,ESR1,ABCB1,9606,0.528,0.0,0.0,0.0,0.045,0.0,0.0,0.526
9606.ENSP00000405330,9606.ENSP00000498246,ESR1,ABCG2,9606,0.552,0.0,0.0,0.0,0.087,0.053,0.0,0.524
9606.ENSP00000405330,9606.ENSP00000478561,ESR1,CYP1B1,9606,0.649,0.0,0.0,0.0,0.081,0.056,0.0,0.628
9606.ENSP00000405330,9606.ENSP00000437955,ESR1,HIF1A,9606,0.948,0.0,0.0,0.0,0.067,0.636,0.0,0.861
9606.ENSP00000430656,9606.ENSP00000500990,CA1,SNCA,9606,0.6,0.0,0.0,0.0,0.534,0.0,0.0,0.176
9606.ENSP00000437955,9606.ENSP00000498246,HIF1A,ABCG2,9606,0.512,0.0,0.0,0.0,0.047,0.0,0.0,0.509
9606.ENSP00000437955,9606.ENSP00000478255,HIF1A,ABCB1,9606,0.536,0.0,0.0,0.0,0.061,0.0,0.0,0.527
9606.ENSP00000437955,9606.ENSP00000451040,HIF1A,PGF,9606,0.622,0.0,0.0,0.0,0.0,0.0,0.0,0.622
9606.ENSP00000478255,9606.ENSP00000478561,ABCB1,CYP1B1,9606,0.491,0.0,0.0,0.0,0.067,0.069,0.0,0.461
9606.ENSP00000478255,9606.ENSP00000498246,ABCB1,ABCG2,9606,0.549,0.0,0.001,0.0,0.093,0.1,0.0,0.492
9606.ENSP00000478561,9606.ENSP00000498246,CYP1B1,ABCG2,9606,0.459,0.0,0.0,0.0,0.067,0.066,0.0,0.429
