"Target","Common name","Uniprot ID","ChEMBL ID","Target Class","Probability*","Known actives (3D/2D)"
"Dual specificity tyrosine-phosphorylation-regulated kinase 1A","DYRK1A","Q13627","CHEMBL2292","Kinase","1.0","32 /  27   "
"Voltage-gated inwardly rectifying potassium channel KCNH2","KCNH2","Q12809","CHEMBL240","Voltage-gated ion channel","1.0","1 /  75   "
"Beta-secretase 1","BACE1","P56817","CHEMBL4822","Protease","1.0","28 /  74   "
"Dual specificity tyrosine-phosphorylation-regulated kinase 1B","DYRK1B","Q9Y463","CHEMBL5543","Kinase","0.9985574882227538","2 /  2   "
"A disintegrin and metalloproteinase with thrombospondin motifs 5","ADAMTS5","Q9UNA0","CHEMBL2285","Protease","0.9985574882227538","2 /  5   "
"Dual specificity tyrosine-phosphorylation-regulated kinase 4","DYRK4","Q9NR20","CHEMBL1075115","Kinase","0.9985574882227538","1 /  1   "
"Dual specificity protein kinase CLK4","CLK4","Q9HAZ1","CHEMBL4203","Kinase","0.9985574882227538","2 /  1   "
"Dual specificity tyrosine-phosphorylation-regulated kinase 2","DYRK2","Q92630","CHEMBL4376","Kinase","0.9985574882227538","3 /  1   "
"MAP kinase-activated protein kinase 5","MAPKAPK5","Q8IW41","CHEMBL3094","Kinase","0.9985574882227538","1 /  2   "
"Mitogen-activated protein kinase 14","MAPK14","Q16539","CHEMBL260","Kinase","0.9985574882227538","2 /  33   "
"Cyclin-dependent kinase 5/CDK5 activator 1","N/A","Q00535&Q15078","CHEMBL1907600","Kinase","0.9985574882227538","12 /  3   "
"6-phosphogluconate dehydrogenase, decarboxylating","PGD","P52209","CHEMBL3404","Oxidoreductase","0.9985574882227538","7 /  4   "
"Matrix metalloproteinase-14","MMP14","P50281","CHEMBL3869","Protease","0.9985574882227538","4 /  7   "
"Glycogen synthase kinase-3 beta","GSK3B","P49841","CHEMBL262","Kinase","0.9985574882227538","13 /  5   "
"Dual specificity protein kinase CLK3","CLK3","P49761","CHEMBL4226","Kinase","0.9985574882227538","2 /  1   "
"Dual specificity protein kinase CLK2","CLK2","P49760","CHEMBL4225","Kinase","0.9985574882227538","4 /  3   "
"Dual specificity protein kinase CLK1","CLK1","P49759","CHEMBL4224","Kinase","0.9985574882227538","3 /  2   "
"Casein kinase I isoform epsilon","CSNK1E","P49674","CHEMBL4937","Kinase","0.9985574882227538","1 /  1   "
"DNA repair protein RAD52 homolog","RAD52","P43351","CHEMBL2362978","Other nuclear protein","0.9985574882227538","10 /  8   "
"Serine/threonine-protein kinase mTOR","MTOR","P42345","CHEMBL2842","Kinase","0.9985574882227538","1 /  1   "
"Phosphatidylinositol 4,5-bisphosphate 3-kinase catalytic subunit alpha isoform","PIK3CA","P42336","CHEMBL4005","Transferase","0.9985574882227538","5 /  1   "
"Signal transducer and activator of transcription 1-alpha/beta","STAT1","P42224","CHEMBL6101","Transcription factor","0.9985574882227538","1 /  1   "
"Alpha-synuclein","SNCA","P37840","CHEMBL6152","Unclassified protein","0.9985574882227538","38 /  10   "
"Proteasome Macropain subunit MB1","PSMB5","P28074","CHEMBL4662","Protease","0.9985574882227538","9 /  5   "
"DNA (cytosine-5)-methyltransferase 1","DNMT1","P26358","CHEMBL1993","Writer","0.9985574882227538","2 /  2   "
"Phosphoglycerate mutase 1","PGAM1","P18669","CHEMBL3334418","Enzyme","0.9985574882227538","8 /  2   "
"HSP60/HSP10","N/A","P10809&P61604","CHEMBL4106131","Unclassified protein","0.9985574882227538","3 /  3   "
"Microtubule-associated protein tau","MAPT","P10636","CHEMBL1293224","Other cytosolic protein","0.9985574882227538","5 /  1   "
"Apoptosis regulator Bcl-2","BCL2","P10415","CHEMBL4860","Other ion channel","0.9985574882227538","9 /  22   "
"Small ribosomal subunit protein uS2","RPSA","P08865","CHEMBL6119","Unclassified protein","0.9985574882227538","1 /  1   "
"Hepatocyte growth factor receptor","MET","P08581","CHEMBL3717","Kinase","0.9985574882227538","15 /  23   "
"72 kDa type IV collagenase","MMP2","P08253","CHEMBL333","Protease","0.9985574882227538","34 /  24   "
"ATP-dependent translocase ABCB1","ABCB1","P08183","CHEMBL4302","Primary active transporter","0.9985574882227538","8 /  417   "
"Tyrosine-protein kinase Fyn","FYN","P06241","CHEMBL1841","Kinase","0.9985574882227538","6 /  3   "
"Amyloid-beta precursor protein","APP","P05067","CHEMBL2487","Membrane receptor","0.9985574882227538","26 /  18   "
"Interstitial collagenase","MMP1","P03956","CHEMBL332","Protease","0.9985574882227538","8 /  17   "
"Transthyretin","TTR","P02766","CHEMBL3194","Secreted protein","0.9985574882227538","9 /  21   "
"NAD kinase","NADK","O95544","CHEMBL6177","Transferase","0.9985574882227538","1 /  1   "
"A disintegrin and metalloproteinase with thrombospondin motifs 4","ADAMTS4","O75173","CHEMBL2318","Protease","0.9985574882227538","3 /  5   "
"Dual specificity tyrosine-phosphorylation-regulated kinase 3","DYRK3","O43781","CHEMBL4575","Kinase","0.9985574882227538","1 /  1   "
"Telomerase reverse transcriptase","TERT","O14746","CHEMBL2916","Transferase","0.9985574882227538","19 /  6   "
"Prostaglandin E synthase","PTGES","O14684","CHEMBL5658","Isomerase","0.9985574882227538","4 /  60   "
"NAD-dependent protein deacylase sirtuin-6","SIRT6","Q8N6T7","CHEMBL2163182","Eraser","0.9985487150414699","4 /  2   "
"MUS81-ECE1","N/A","P42892&Q96NY9","CHEMBL5465380","Protease","0.9985487150414699","3 /  3   "
"CMP-N-acetylneuraminate-beta-1,4-galactoside alpha-2,3-sialyltransferase","ST3GAL3","Q11203","CHEMBL3596076","Transferase","0.9985398885807841","1 /  1   "
"Alpha-(1,3)-fucosyltransferase 7","FUT7","Q11130","CHEMBL3596077","Transferase","0.9985398885807841","2 /  3   "
"Alpha-(1,3)-fucosyltransferase 4","FUT4","P22083","CHEMBL4996","Transferase","0.9985398885807841","1 /  1   "
"ELAV-like protein 3","ELAVL3","Q14576","CHEMBL4105924","Unclassified protein","0.9948559360794695","6 /  2   "
"Pyruvate kinase PKM","PKM","P14618","CHEMBL1075189","Enzyme","0.9948559360794695","9 /  6   "
"Synaptojanin-2","SYNJ2","O15056","CHEMBL4523129","Hydrolase","0.9948559360794695","10 /  13   "
"Sclerostin","SOST","Q9BQB4","CHEMBL3580487","Unclassified protein","0.483500277210996","4 /  3   "
"Carbonic anhydrase 9","CA9","Q16790","CHEMBL3594","Lyase","0.48198402580594546","46 /  50   "
"Carbonic anhydrase 7","CA7","P43166","CHEMBL2326","Lyase","0.48198402580594546","28 /  41   "
"Carbonic anhydrase 5A, mitochondrial","CA5A","P35218","CHEMBL4789","Lyase","0.48198402580594546","3 /  6   "
"Carbonic anhydrase 6","CA6","P23280","CHEMBL3025","Lyase","0.48198402580594546","4 /  6   "
"Carbonic anhydrase 4","CA4","P22748","CHEMBL3729","Lyase","0.48198402580594546","12 /  13   "
"Carbonic anhydrase 3","CA3","P07451","CHEMBL2885","Lyase","0.48198402580594546","2 /  4   "
"Carbonic anhydrase 2","CA2","P00918","CHEMBL205","Lyase","0.48198402580594546","43 /  53   "
"Carbonic anhydrase 1","CA1","P00915","CHEMBL261","Lyase","0.48198402580594546","40 /  49   "
"Carbonic anhydrase 12","CA12","O43570","CHEMBL3242","Lyase","0.48198402580594546","58 /  44   "
"Xanthine dehydrogenase/oxidase","XDH","P47989","CHEMBL1929","Oxidoreductase","0.4614956383668808","32 /  5   "
"GABA-A receptor; alpha-1/beta-2/gamma-2","N/A","P14867&P47870&P18507","CHEMBL2095172","Ligand-gated ion channel","0.3644256645426239","1 /  2   "
"Carbonic anhydrase 5B, mitochondrial","CA5B","Q9Y2D0","CHEMBL3969","Lyase","0.2982982500993462","1 /  4   "
"Prostaglandin G/H synthase 1","PTGS1","P23219","CHEMBL221","Oxidoreductase","0.22764124226466098","2 /  36   "
"Collagenase 3","MMP13","P45452","CHEMBL280","Protease","0.19129469129626847","2 /  7   "
"Matrix metalloproteinase-9","MMP9","P14780","CHEMBL321","Protease","0.16908942320942796","12 /  9   "
"Stimulator of interferon genes protein","STING1","Q86WV6","CHEMBL4523377","Unclassified protein","0.13633582848669795","0 /  2   "
"Dipeptidyl peptidase 4","DPP4","P27487","CHEMBL284","Protease","0.13219591981927992","8 /  48   "
"Broad substrate specificity ATP-binding cassette transporter ABCG2","ABCG2","Q9UNQ0","CHEMBL5393","Primary active transporter","0.12768383224742816","5 /  37   "
"Multidrug resistance-associated protein 1","ABCC1","P33527","CHEMBL3004","Primary active transporter","0.12768383224742816","6 /  24   "
"Cytochrome P450 1B1","CYP1B1","Q16678","CHEMBL4878","Cytochrome P450","0.11801809926133214","9 /  9   "
"Serine/threonine-protein kinase PLK1","PLK1","P53350","CHEMBL3024","Kinase","0.11801809926133214","6 /  2   "
"Aromatase","CYP19A1","P11511","CHEMBL1978","Cytochrome P450","0.11801809926133214","9 /  89   "
"Cyclin-dependent kinase 2","CDK2","P24941","CHEMBL301","Kinase","0.1078957205289371","9 /  6   "
"Histone deacetylase 6","HDAC6","Q9UBN7","CHEMBL1865","Eraser","0.09728177119148773","15 /  29   "
"Hypoxia-inducible factor 1-alpha","HIF1A","Q16665","CHEMBL4261","Transcription factor","0.08703951998371431","0 /  43   "
"Plasminogen activator inhibitor 1","SERPINE1","P05121","CHEMBL3475","Secreted protein","0.0746301500783533","18 /  16   "
"Ribosomal protein S6 kinase alpha-3","RPS6KA3","P51812","CHEMBL2345","Kinase","0.06990193124642177","6 /  1   "
"Vascular endothelial growth factor receptor 2","KDR","P35968","CHEMBL279","Kinase","0.0665206712582397","13 /  28   "
"Proto-oncogene tyrosine-protein kinase Src","SRC","P12931","CHEMBL267","Kinase","0.054166348481460604","38 /  7   "
"Tyrosine-protein kinase receptor UFO","AXL","P30530","CHEMBL4895","Kinase","0.05190060258489129","6 /  5   "
"Adenosine receptor A3","ADORA3","P0DMS8","CHEMBL256","Family A G protein-coupled receptor","0.046128892437236196","4 /  4   "
"Estrogen receptor beta","ESR2","Q92731","CHEMBL242","Nuclear receptor","0.04391079761797247","43 /  183   "
"Kallikrein-2","KLK2","P20151","CHEMBL2442","Protease","0.039647478697169475","1 /  1   "
"Kallikrein-1","KLK1","P06870","CHEMBL2319","Protease","0.039647478697169475","1 /  4   "
"Placenta growth factor","PGF","P49763","CHEMBL1697671","Secreted protein","0.03411139607661296","3 /  3   "
"Vascular endothelial growth factor A, long form","VEGFA","P15692","CHEMBL1783","Secreted protein","0.03411139607661296","3 /  4   "
"Estrogen receptor","ESR1","P03372","CHEMBL206","Nuclear receptor","0.026837275925727204","29 /  266   "
"Carbonyl reductase [NADPH] 1","CBR1","P16152","CHEMBL5586","Oxidoreductase","0.02608131040346398","3 /  2   "
"Macrophage metalloelastase","MMP12","P39900","CHEMBL4393","Protease","0.026064750769211397","6 /  8   "
"Receptor-type tyrosine-protein kinase FLT3","FLT3","P36888","CHEMBL1974","Kinase","0.025911047349186693","6 /  23   "
"17-beta-hydroxysteroid dehydrogenase type 1","HSD17B1","P14061","CHEMBL3181","Oxidoreductase","0.02443730603737228","7 /  8   "
"5'-AMP-activated protein kinase catalytic subunit alpha-2","PRKAA2","P54646","CHEMBL2116","Kinase","0.022514068365171464","1 /  1   "
"Tyrosinase","TYR","P14679","CHEMBL1973","Oxidoreductase","0.022056521294650903","13 /  29   "
"Taste receptor type 2 member 31","TAS2R31","P59538","CHEMBL2034804","Taste family G protein-coupled receptor","0.020085786024192368","0 /  3   "
"Fibroblast growth factor receptor 1","FGFR1","P11362","CHEMBL3650","Kinase","0.019637042816130573","5 /  4   "
"Mast/stem cell growth factor receptor Kit","KIT","P10721","CHEMBL1936","Kinase","0.019637042816130573","3 /  10   "
"Lysine-specific histone demethylase 1A","KDM1A","O60341","CHEMBL6136","Eraser","0.019298258416501384","6 /  22   "
"Acetylcholinesterase","ACHE","P22303","CHEMBL220","Hydrolase","0.019264999962451703","8 /  138   "
"Polyunsaturated fatty acid 5-lipoxygenase","ALOX5","P09917","CHEMBL215","Oxidoreductase","0.019264999962451703","9 /  254   "